KEY_CLEANSEANDSTANDARDIZEINFO,KEY_CLEANSEMULTMTCHRESPDTL,ERRORCODE,ERRORMESSAGE,KEY_CLEANSEMULTMTCHRESPDTL1,CANDIDATEMATCHEDQUANTITY,CONFIDENCECODE,DUNSNUMBER,DISPLAYSEQUENCE,FAMILYTREEMEMBERROLE,INLANGUAGE,MATCHDATACRITERIA,MATCHDATAPROFILE,MATCHGRADE,OPERATINGSTATUS,ORGANIZATIONPRIMARYNAME,PRIMARYADDRESSREGIONNAME,PRIMARYCOUNTRYISOALPHA2CD,PRIMARYCOUNTRYNAME,PRIMARYPOSTALCODE,PRIMARYPOSTALCODEEXT,PRIMARYSTREETADDRESSLINE1,PRIMARYSTREETADDRESSLINE2,PRIMARYTERRITORYABBRNM,PRIMARYTOWNNAME,SERVICETRANSACTIONID,SERVICEVERSION,STANDALONEORGANIZATIONIND,TELEPHONENUMBER,TELEPHONEUNREACHABLEIND,TRADESTYLENAME,TRANSACTIONTIMESTAMP,SOURCE_KEY,SOURCE_SYSTEM,DNB_STATUS,DQ_PROCESS_DATE,DOMAIN,LOAD_TIME,SRC_LOAD_TIME,ACCEPTANCE_RULE,SOURCE_NAME,SOURCE_ADDRESS,SOURCE_CITY,SOURCE_COUNTRY,SOURCE_POSTAL_CODE,SOURCE_STATE,SOURCE_NATIONAL_ID,SOURCE_TELEPHONE,BATCH_API,SOURCE_OP_COUNTRY,SOURCE_OP_STATE,SRC_CLEANSED_SOURCE_NAME,SRC_CLEANSED_STREET_ADDRESS,SRC_CLEANSED_CITY,SRC_CLEANSED_STATE,CONF_ACCEPT_STS,MDP_ACCEPT_STS,MTCH_GRADE_ACCEPT_STS,company,name,website,mdm_verified_company,mdm_verified_name,mdm_verified_website
,75,20505,No Match found for the given input criteria,75,,,,,,,,,,,,,,,,,,,,,rrt-0c32bead6677eaf5e-a-wo-54255-12815-104,,,,,,,T001663,BRP900,0,2024-10-11 03:07:34,VM,2024-10-11 11:05:41,2024-10-11 01:39:11,,Amerijet Caribbean Express,Piarco International Airport,Piarco,TT,,,,8686693221,API,TT,,Amerijet Caribbean Express,Piarco International Airport,Piarco,,,,,Amerijet: Shipping Company | Air Freight | Cargo Shipping,Amerijet: Shipping Company | Air Freight | Cargo Shipping,https://amerijet.com,Amerijet: Shipping Company | Air Freight | Cargo Shipping,Amerijet: Shipping Company | Air Freight | Cargo Shipping,https://amerijet.com
,1174,20505,No Match found for the given input criteria,1174,,,,,,,,,,,,,,,,,,,,,0a210d62-504f-4b70-bce0-420324357965315086,,,,,,,0001134358,CIP900,0,2025-08-04 02:24:23,VM,2025-08-04 03:55:26,2025-08-04 01:31:28,,Deloitte Belastingsconsulenten,Berkenlaan 8b,Machelen,BE,1831,Vlaams-Brabant,,+32 26006500,API -Without Telephone Match,BE,Vlaams-Brabant,Deloitte Belastingsconsulenten,Berkenlaan 8b,Machelen,Vlaams-Brabant,,,,"Deloitte Belgium | Audit, Consulting, Financial, Risk ...","Deloitte Belgium | Audit, Consulting, Financial, Risk ...",https://www.deloitte.com,"Deloitte Belgium | Audit, Consulting, Financial, Risk ...","Deloitte Belgium | Audit, Consulting, Financial, Risk ...",https://www.deloitte.com
,291,20505,No Match found for the given input criteria,291,,,,,,,,,,,,,,,,,,,,,rrt-0a9bc77025216b08b-b-wo-21555-6838523-502,,,,,,,0000039942,C11,0,2024-10-11 03:02:49,VM,2024-10-11 11:05:41,,,Ханиуэлл - Автоматическая Система У,"ул. Тимирязева, 42, пав. 15",Алматы,KZ,000000,,,,API,KZ,,Ханиуэлл - Автоматическая Система У,"ул. Тимирязева, 42, пав. 15",Алматы,,,,,"ханиуэлл автоматическая система управления, тоо","ханиуэлл автоматическая система управления, тоо",https://statsnet.co,"ханиуэлл автоматическая система управления, тоо","ханиуэлл автоматическая система управления, тоо",https://statsnet.co
,204,20505,No Match found for the given input criteria,204,,,,,,,,,,,,,,,,,,,,,rrt-0e339ef7abf95fa58-c-wo-21560-6807863-4,,,,,,,0001014622,CIP900,0,2024-10-11 03:03:37,VM,2024-10-11 11:05:41,2024-10-11 01:38:59,,Neptune Chemical Pump Co Inc,24308 Network Pl,Chicago,US,60673,IL,,215 699 8700,API,US,IL,Neptune Chemical Pump Co Inc,24308 Network Pl,Chicago,IL,,,,Neptune Chemical Pump Co,Neptune Chemical Pump Co,http://www.neptune-pumps.com,Neptune Chemical Pump Co,Neptune Chemical Pump Co,http://www.neptune-pumps.com
,1306,20505,No Match found for the given input criteria,1306,,,,,,,,,,,,,,,,,,,,,rrt-04043782140d313e5-b-wo-54723-13143-224,,,,,,,0009070509,CIP300,0,2024-10-11 03:03:10,VM,2024-10-11 11:05:41,2024-10-11 01:39:06,,Zzdo Not Use Michael Roper,2754 Jamestown Ln,Mobile,US,36618,AL,,,API,US,AL,Zzdo Not Use Michael Roper,2754 Jamestown Ln,Mobile,AL,,,,Full article: Michael Roper (1932–2024),Full article: Michael Roper (1932–2024),https://www.tandfonline.com,Full article: Michael Roper (1932–2024),Full article: Michael Roper (1932–2024),https://www.tandfonline.com
,1112,20505,No Match found for the given input criteria,1112,,,,,,,,,,,,,,,,,,,,,778d465a-4523-4011-a536-25f2312f67cb311358,,,,,,,0001127675,CIP900,0,2025-08-04 02:24:23,VM,2025-08-04 03:55:26,2025-08-04 01:31:28,,Royal Mail Bacs,The Remittance Centre,Peterborough,GB,PE4 5PG,CAM,,08706060882,API -Without Telephone Match,GB,CAM,Royal Mail Bacs,The Remittance Centre,Peterborough,CAM,,,,Invoicing & Payment help hub,Invoicing & Payment help hub,https://help.royalmail.com,Invoicing & Payment help hub,Invoicing & Payment help hub,https://help.royalmail.com
,516,20505,No Match found for the given input criteria,516,,,,,,,,,,,,,,,,,,,,,rrt-026e7a690d1a6e0a9-c-wo-54318-12031-161,,,,,,,0004000162,CIP900,0,2024-10-11 03:03:37,VM,2024-10-11 11:05:41,2024-10-11 01:39:07,,April Webster,371 Pine Run Rd,Fombell,US,16123,PA,,7244531751,API,US,PA,April Webster,371 Pine Run Rd,Fombell,PA,,,,April Webster,April Webster,https://www.imdb.com,April Webster,April Webster,https://www.imdb.com
,947,20505,No Match found for the given input criteria,947,,,,,,,,,,,,,,,,,,,,,rrt-090a2b488d91e7bea-b-wo-54134-12940-248,,,,,,,0000315496,CIP300,0,2024-10-11 03:03:10,VM,2024-10-11 11:05:41,2024-10-11 01:38:58,,Gary Shake,5257 N Hoyne Ave Apt 2,Chicago,US,60625,IL,,,API,US,IL,Gary Shake,5257 N Hoyne Ave Apt 2,Chicago,IL,,,,gary_shake - Gary Shake,gary_shake - Gary Shake,https://www.instagram.com,gary_shake - Gary Shake,gary_shake - Gary Shake,https://www.instagram.com
,1132,20505,No Match found for the given input criteria,1132,,,,,,,,,,,,,,,,,,,,,rrt-04043782140d313e5-b-wo-54722-13623-120,,,,,,,0009097522,CIP300,0,2024-10-11 03:03:10,VM,2024-10-11 11:05:41,2024-10-11 01:39:06,,Laurie Almeraz,276 Stonegate Rd,Trout Valley,US,60013,IL,,,API,US,IL,Laurie Almeraz,276 Stonegate Rd,Trout Valley,IL,,,,"Laurie Almeraz, PMP - Strategic Marketing","Laurie Almeraz, PMP - Strategic Marketing",https://www.linkedin.com,"Laurie Almeraz, PMP - Strategic Marketing","Laurie Almeraz, PMP - Strategic Marketing",https://www.linkedin.com
,266,20505,No Match found for the given input criteria,266,,,,,,,,,,,,,,,,,,,,,rrt-03b7acbbc6d1aca56-c-wo-54240-30921-169,,,,,,,0000901034,ERP900,0,2024-10-11 03:06:46,VM,2024-10-11 11:05:41,2024-10-11 01:39:03,,Guillen Cuevas Karen De Jesus,Col Colinas Del Parque,San Luis Potosí,MX,78260,S.L.P.,,,API,MX,S.L.P.,Guillen Cuevas Karen De Jesus,Col Colinas Del Parque,San Luis Potosí,S.L.P.,,,,Karen de Jesus Guillen-Cuevas,Karen de Jesus Guillen-Cuevas,https://www.aiche.org,Karen de Jesus Guillen-Cuevas,Karen de Jesus Guillen-Cuevas,https://www.aiche.org
,384,20505,No Match found for the given input criteria,384,,,,,,,,,,,,,,,,,,,,,rrt-0ac74e75999beabeb-b-wo-21647-6860270-865,,,,,,,0000203916,ORCLAPAC,0,2024-10-11 03:45:47,VM,2024-10-11 11:05:41,,,"Kim, Heeja",경남 거제시 양정동 800번지 거제더샾 103동 903호,KYUNGNAM,KR,656-730,670501-2829810,,010-9808-6781,API,KR,670501-2829810,"Kim, Heeja",경남 거제시 양정동 800번지 거제더샾 103동 903호,KYUNGNAM,670501-2829810,,,,Kim Hye-ja,Kim Hye-ja,https://en.wikipedia.org,Kim Hye-ja,Kim Hye-ja,https://en.wikipedia.org
,1017,20505,No Match found for the given input criteria,1017,,,,,,,,,,,,,,,,,,,,,rrt-04043782140d313e5-b-wo-54723-13143-189,,,,,,,0002128810,BRP900,0,2024-10-11 03:07:34,VM,2024-10-11 11:05:41,2024-10-11 01:39:10,,Genesys Greenhouse Supplies & Servi,322 Townline St,St Williams,CA,N0E1P0,ON,,5194102511,API,CA,ON,Genesys Greenhouse Supplies & Servi,322 Townline St,St Williams,ON,,,,Genesis Garden Supply - Olean - MapQuest,Genesis Garden Supply - Olean - MapQuest,https://www.mapquest.com,Genesis Garden Supply - Olean - MapQuest,Genesis Garden Supply - Olean - MapQuest,https://www.mapquest.com
,294,20505,No Match found for the given input criteria,294,,,,,,,,,,,,,,,,,,,,,rrt-07185c817a8137bbd-a-wo-21528-6846615-344,,,,,,,0001028014,ERP900,0,2024-10-11 03:06:46,VM,2024-10-11 11:05:41,2024-10-11 01:39:06,,Good Speed Transporte,9b Industrial Aviacion 284,San Luis Potosí,MX,78140,S.L.P.,,,API,MX,S.L.P.,Good Speed Transporte,9b Industrial Aviacion 284,San Luis Potosí,S.L.P.,,,,GoodSpeed Logistics – GoodSpeed gets you the goods!,GoodSpeed Logistics – GoodSpeed gets you the goods!,https://goodspeedlogistics.com,GoodSpeed Logistics – GoodSpeed gets you the goods!,GoodSpeed Logistics – GoodSpeed gets you the goods!,https://goodspeedlogistics.com
,640,20505,No Match found for the given input criteria,640,,,,,,,,,,,,,,,,,,,,,rrt-014e9afc478e1c128-a-wo-54608-13328-124,,,,,,,0009098663,CIP300,0,2024-10-11 03:03:10,VM,2024-10-11 11:05:41,2024-10-11 01:39:05,,Zzdo Not Use Consolato Neri,Via Olivitello 19 Lazzaro,Motta San Giovanni,IT,89065,RC,,,API,IT,RC,Zzdo Not Use Consolato Neri,Via Olivitello 19 Lazzaro,Motta San Giovanni,RC,,,,Consular Services and Visas,Consular Services and Visas,https://consboston.esteri.it,Consular Services and Visas,Consular Services and Visas,https://consboston.esteri.it
,1501,20505,No Match found for the given input criteria,1501,,,,,,,,,,,,,,,,,,,,,rrt-07185c817a8137bbd-a-wo-21529-6849893-104,,,,,,,0009053511,CIP300,0,2024-10-11 03:03:10,VM,2024-10-11 11:05:41,2024-10-11 01:39:06,,Zzdo Not Use**vernon Mallett,3060 Mallet Rd.,Biloxi,US,39532,MS,,,API,US,MS,Zzdo Not Use**vernon Mallett,3060 Mallet Rd.,Biloxi,MS,,,,Suspicious individual attempting to break into building with ...,Suspicious individual attempting to break into building with ...,https://www.facebook.com,Suspicious individual attempting to break into building with ...,Suspicious individual attempting to break into building with ...,https://www.facebook.com
